Aksesoari,Torbe i novčanici,,114
Aksesoari,Kačketi i kape,,647
Aksesoari,Ženske torbe,,1183
Aksesoari,Torbe za plažu i kupovinu,,1256
Aksesoari,Ešarpe i šalovi,,1327
Aksesoari,Kaiševi,,1354
Alati i mašine,Baštenski alati,Kosilice za travu,330
Alati i mašine,Baštenski alati,Trimeri za travu i živu ogradu,331
Alati i mašine,Baštenski alati,Pumpe za vodu i prskalice,"332, 333"
Alati i mašine,Baštenski alati,Ostali baštenski alat,"334, 28"
Alati i mašine,Baštenski alati,Perači pod pritiskom,335
Alati i mašine,Baštenski alati,Merdevine,616
Alati i mašine,Električni alati,"Bušilice, brusilice i odvijači","246, 248"
Alati i mašine,Električni alati,Ubodne i kružne testere,249
Alati i mašine,Električni alati,Ostali električni alati,250
Alati i mašine,Električni alati,Aparati za varenje,1341
Alati i mašine,Ručni alati,Aku bušilice,247
Alati i mašine,Ručni alati,Ostali ručni alati,251
Alati i mašine,Ostali alati,Produžni kablovi,252
Alati i mašine,Ostali alati,Ostalo,254
Igračke,Igračke za dvorište,,"485, 486, 484, 958, 959"
Igračke,Ostale igračke,,"488, 490, 604, 629, 814, 1247, 1333, 474, 477, 94, 95, 196, 479, 482, 483, 519, 598, 957, 607, 953"
Igračke,Edukativne igračke,,"473, 562, 939, 954"
Igračke,Društvene igre,,475
Igračke,Vozni park,,"476, 614, 684, 685, 686, 688, 941, 955, 956, 1314, 1367"
Igračke,Kocke za decu,,"478, 620, 680, 746, 775, 940, 942, 943, 944, 945, 946, 947, 948, 949, 950, 951, 1316, 1326, 755"
Igračke,Lutke,,"464, 465, 467, 470, 599, 621, 673, 937"
Igračke,Figurice,,"568, 563, 674, 744, 745, 816, 821, 1331, 1332"
Igračke,Drvene igračke,,481
Igračke,Plišane igračke,,"469, 868"
Igračke,Igračke za bebe,,472
Igračke,Igračke za plažu,,436
Igračke,Kostimi za maskenbal,,"582, 681, 682, 683"
Igračke,Puzle,,"871, 872, 873, 874, 875, 876, 877, 878, 879, 880, 881, 882, 883, 884, 885, 1349, 1350, 1351"
Igračke,Plastelin i glina,,952
Igračke,Dečije puške i pištolji,,970
Igračke,Makete,,774
Knjige,Razni žanrovi,Domaće knjige,"547, 548, 549, 545, 546, 128, 998, 999, 1000, 1002, 1357, 1356, 544, 1001"
Knjige,Razni žanrovi,Strane knjige,"551, 552, 129, 130, 131, 132, 133, 134, 135, 136, 137, 188, 359, 978, 1003, 1004, 1005, 1006, 1007, 1008, 1009, 1010, 1011, 1012, 1013, 1360, 31, 539, 351"
Knjige,Razni žanrovi,Klasici svetske književnosti,345
Knjige,Razni žanrovi,Dečije knjige,"189, 206, 530, 533, 534, 535, 243, 537, 538, 823, 1352"
Knjige,Razni žanrovi,Istorijske knjige,"555, 338, 344"
Knjige,Razni žanrovi,Ostale knjige,"201, 202, 360, 336, 337, 340, 343, 543, 493"
Knjige,Razni žanrovi,Dečije slikovnice,"207, 529, 245, 319, 494, 600, 987, 1041, 1169, 1278, 1348, 1353"
Knjige,Razni žanrovi,Veronauka,208
Knjige,Razni žanrovi,Bestseleri,"528, 349"
Knjige,Razni žanrovi,Edukativne knjige za decu,"531, 339, 492, 581, 894, 982, 983, 984"
Knjige,Razni žanrovi,Knjige za bebe,526
Knjige,Razni žanrovi,Muzika CD,407
Knjige,Razni žanrovi,Knjige za 100 dinara,1365
Knjige,Stručna literatura,Knjige za roditelje,"550, 576"
Knjige,Stručna literatura,Kursevi jezika i rečnici,"239, 234, 236, 238, 342"
Knjige,Stručna literatura,Informatika i računarstvo,"144, 145, 146, 147, 148, 149"
Knjige,Stručna literatura,Enciklopedije i atlasi,203
Knjige,Stručna literatura,Kuvari,204
Knjige,Stručna literatura,"Sport, zdravlje i medicina","205, 244, 357, 358"
Knjige,Stručna literatura,Ostalo,"341, 985"
Knjige,Stručna literatura,"Ekonomija, menadžment i džepni mentori","347, 364"
Kućni aparati,Grejna tela,Grejalice i uljani radijatori,503
Kućni aparati,Grejna tela,Norveški radijatori i finski radijatori,630
Kućni aparati,Kuhinjski aparati,Mikseri,72
Kućni aparati,Kuhinjski aparati,"Blenderi, sokovnici i seckalice","73, 77"
Kućni aparati,Kuhinjski aparati,Ostali kuhinjski aparati,"74, 79, 423, 21, 416, 452, 696"
Kućni aparati,Kuhinjski aparati,Kuhinjske vage,"78, 42"
Kućni aparati,Kuhinjski aparati,Bokali za filtriranje vode,214
Kućni aparati,Kuhinjski aparati,Kuvala za vodu,216
Kućni aparati,Kuhinjski aparati,Mini pekare,414
Kućni aparati,Kuhinjski aparati,Mikrotalasne pećnice i friteze,419
Kućni aparati,Kuhinjski aparati,Roštilji i grilovi,420
Kućni aparati,Kuhinjski aparati,Tosteri i aparati za sendviče,421
Kućni aparati,Kuhinjski aparati,Aparati za galete i palačinke,422
Kućni aparati,Kuhinjski aparati,Mašine za mlevenje,424
Kućni aparati,Kuhinjski aparati,Aparati za kafu i mlinovi,426
Kućni aparati,Kuhinjski aparati,Rešoi,428
Kućni aparati,Mali kućni aparati,Ovlaživači vazduha i jonizatori,"18, 57"
Kućni aparati,Mali kućni aparati,Vage,499
Kućni aparati,Mali kućni aparati,Usisivači,"500, 501, 961"
Kućni aparati,Mali kućni aparati,Pegle,502
Kućni aparati,Mali kućni aparati,Ostalo,"602, 22"
Lepota i zdravlje,Aparati za negu tela,Masažeri,"19, 63, 64, 65, 66"
Lepota i zdravlje,Aparati za negu tela,Manikir i pedikir,524
Lepota i zdravlje,Aparati za negu tela,"Pegle za kosu, fenovi i stajleri","67, 70"
Lepota i zdravlje,Aparati za negu tela,Trimeri i brijači,"68, 1016"
Lepota i zdravlje,Aparati za negu tela,Depilatori i epilatori,69
Lepota i zdravlje,Aparati za negu tela,Ostalo,71
Lepota i zdravlje,Kozmetika,Nega lica i tela,"559, 389, 1174, 1339, 355"
Lepota i zdravlje,Kozmetika,Farbe za kosu i šamponi,1246
Lepota i zdravlje,Kozmetika,Šminka,"541, 1244, 843"
Lepota i zdravlje,Kozmetika ,Nega kose i brade,"1279, 1335"
Lepota i zdravlje,Naočare,Naočare za sunce,"312, 1366, 972"
Lepota i zdravlje,Naočare,Naočare sa dioptrijom,495
Lepota i zdravlje,Parfemi,Ženski parfemi,387
Lepota i zdravlje,Parfemi,Muški parfemi,388
Lepota i zdravlje,Parfemi,Dečiji parfemi,969
Lepota i zdravlje,Zdravlje,Preparati za jačanje imuniteta,558
Lepota i zdravlje,Zdravlje,Zdravstveni preparati,560
Lepota i zdravlje,Zdravlje,Steznici i ostala pomagala,"41, 84"
Lepota i zdravlje,Zdravlje,Merači pritiska,58
Lepota i zdravlje,Zdravlje,Inhalatori,59
Lepota i zdravlje,Zdravlje,Magnetna terapija,"60, 86, 87, 88"
Lepota i zdravlje,Zdravlje,Ostalo,"62, 584, 187"
Lepota i zdravlje,Zdravlje,Preparati za mršavljenje,286
Lepota i zdravlje,Zdravlje,Elektronske cigarete i dodaci,"643, 644"
Lepota i zdravlje,Zdravlje,Električne četkice za zube,974
Moto oprema i Auto oprema,Auto kozmetika,,"241, 242"
Moto oprema i Auto oprema,Dodatna oprema,,"158, 199"
Moto oprema i Auto oprema,Gume,,"865, 864, 863, 862, 861, 860, 859, 858, 857, 856, 855, 854, 853, 1177, 1178, 1179, 1180, 1181"
Moto oprema i Auto oprema,Moto oprema,,893
Moto oprema i Auto oprema,Patosnice,,"1283, 1284, 1285, 1286, 1287, 1288, 1289, 1290, 1291, 1292, 1293, 1294, 1295, 1296, 1297, 1298, 1299, 1300, 1301, 1302, 1303, 1304, 1305, 1306, 1307, 1308, 1309, 1310, 1311, 1312, 1313, 1314"
Moto oprema i Auto oprema,Motorne sanke i ATV vozila,,"1317, 1318, 1319, 1320, 1321, 1322"
Moto oprema i Auto oprema,Skuteri,,1323
Moto oprema i Auto oprema,Vanbrodski motori,,1324
Muzički instrumenti i oprema,Muzička oprema,,"233, 231, 232"
Muzički instrumenti i oprema,Muzički instrumenti,,"1364, 228, 229, 230"
Obuća,Dečija obuća,Dečije sandale i papuče,"398, 371, 738, 820, 917, 1237, 1239, 1238, 1240, 304"
Obuća,Dečija obuća,Dečije patike,"368, 619, 626, 900, 901, 1029, 1032, 1023"
Obuća,Dečija obuća,Dečije čizme i cipele,"380, 1225, 1226, 907, 1207, 1208, 1209, 1211"
Obuća,Muška obuća,Muške papuče,"382, 385, 915, 1227, 1229, 1230, 303"
Obuća,Muška obuća,Muške patike,"366, 586, 588, 617, 625, 757, 1026, 1027, 1036, 1039, 1030, 1033, 1034"
Obuća,Muška obuća,Muške klompe,"369, 1228"
Obuća,Muška obuća,Muške cipele i čizme,"381, 903, 1184, 1185,1186, 1187, 1188, 1189, 1190, 1191, 1192, 1193, 1194, 1195, 1196, 1197, 1198, 1212, 1213, 1214, 1215, 928, 194"
Obuća,Sredstva za zaštitu obuće,,1328
Obuća,Ženska obuća,Ženske čizme i cipele,"399, 379, 1199, 1200, 1201, 1202, 1203, 1204, 1205, 1206, 1216, 1217, 1218, 1219, 1220, 1221, 1222, 1223, 1224, 916"
Obuća,Ženska obuća,Štikle i ženske sandale,"384, 1232"
Obuća,Ženska obuća,Baletanke i ženske papuče,"383, 718, 719, 1231, 1233, 1234"
Obuća,Ženska obuća,Ženske patike,"367, 585, 587, 618, 624, 1028, 1031, 1035, 1037, 1038, 1040"
Obuća,Ženska obuća,Ženske klompe,"370, 1235, 302"
Odeća,Dečija odeća,Dečije trenerke i pantalone,"596, 1142, 1138, 1139, 1271"
Odeća,Dečija odeća,Dečije jakne,"597, 1137, 1133, 1134"
Odeća,Dečija odeća,Dečiji duksevi,"613, 1141"
Odeća,Dečija odeća,Dečije kape i rukavice,726
Odeća,Dečija odeća,Dečiji kupaći kostimi,"739, 1145"
Odeća,Dečija odeća,Dečiji donji veš,"741, 1143"
Odeća,Dečija odeća,Dečije majice,"1127, 1128 , 1131, 1163, 1273, 1274, 1123, 1124, 1125, 1126"
Odeća,Dečija odeća,Dečiji šortsevi,"1130, 1132, 1269, 1129, 1164, 930, 931"
Odeća,Dečija odeća,Ostalo,"1135, 1136, 1140, 1046"
Odeća,Dečija odeća,Dečije pidžame i spavaćice,"1144, 932"
Odeća,Muška odeća,Muške majice,"374, 1084, 1085, 1089, 1264, 1086, 1087, 1088, 1089, 1152, 925"
Odeća,Muška odeća,Muške trenerke,"594, 1098, 1099, 1100, 1101, 1102, 1103, 1266"
Odeća,Muška odeća,Muške jakne,"595, 1104, 1105, 1106, 1107, 1108, 1109, 1110, 1111, 1346, 1157, 1158, 1159, 1160"
Odeća,Muška odeća,Muški džemperi i duksevi,"611, 1265, 1334, 1090, 1091, 1092, 1093, 1094, 1153, 1154, 1155"
Odeća,Muška odeća,Muške košulje,"926, 1095, 1096, 1097, 1156"
Odeća,Muška odeća,Šorcevi za kupanje i muški kupaći,"929, 1121, 1116, 1117, 1119, 1120, 927"
Odeća,Muška odeća,Muške pantalone,"1112, 1113, 1114, 1115, 1161, 1162"
Odeća,Muška odeća,Muški sakoi,1361
Odeća,Ženska odeća,Ženski donji veš,"372, 924, 1081, 350"
Odeća,Ženska odeća,Ženske majice,"375, 1049, 1047, 1048, 1049, 1050, 1051, 1052, 1053, 1261, 919"
Odeća,Ženska odeća,Ženske jakne,"593, 1146, 1148, 1149, 1150, 1345, 1067, 1068, 1069, 1070, 1071, 1072"
Odeća,Ženska odeća,Ženske pantalone i helanke,"753, 1270"
Odeća,Ženska odeća,Ženski kupaći kostimi,"923, 1082"
Odeća,Ženska odeća,"Ženske trenerke, helanke i šortsevi","1055, 1073, 1074, 1075, 1080, 1262, 1263, 1064, 1065, 1066, 1147, 1263, 922"
Odeća,Ženska odeća,Ženske košulje,"1060, 1061, 1062, 920"
Odeća,Ženska odeća,Ženski džemperi i duksevi,"1054, 1055, 1056, 1057, 1058, 1059, 1262, 612"
Odeća,Ženska odeća,Haljine i suknje,"1076, 1077, 1078, 1079, 1151, 921"
Pokloni,Pokloni za Novu Godinu,Novogodišnje jelke,518
Pokloni,Pokloni za Novu Godinu,Novogodišnji paketići,623
Pokloni,Pokloni za Novu Godinu,Novogodišnji ukrasi i rasveta,"1336, 1337"
Pokloni,Pokloni za njega,Poker,"632, 633, 634, 635, 636, 637, 638, 639, 640, 641, 642"
Pokloni,Pokloni za njega,Zippo upaljači,896
Pokloni,Pokloni za nju,Ukrasne kutije i kese,818
Pokloni,Pokloni za nju,Foto albumi,1249
Pokloni,Ostalo,,"195, 197, 282, 817, 1282, 1358, 1359, 1166, 577, 934, 935, 936, 981, 891"
Satovi i nakit,Nakit,,"406, 905, 909, 1019, 1171, 459, 1172"
Satovi i nakit,Ručni satovi,Ženski satovi,"652, 689, 731, 812, 890, 904,966, 967, 1021, 1022"
Satovi i nakit,Ručni satovi,Muški satovi,"651, 653, 654, 730, 1018, 1020, 1025, 732, 733, 734"
Satovi i nakit,Ručni satovi,Dečiji satovi,"655, 656, 819, 895, 1355"
Sexy shop,Sexy veš,,"659, 660"
Sexy shop,"Lisice, bičevi i ostali rekviziti",,"661, 667"
Sexy shop,Seksualna pomagala,,"661, 662, 664, 665, 666, 667, 735"
Sexy shop,Lubrikanti i stimulatori,,"663, 668, 669, 717"
Sexy shop,Ostalo,,728
Sport i rekreacija,Kamp oprema,Vreće za spavanje i šatori,"113, 429"
Sport i rekreacija,Kamp oprema,Dvogledi i teleskopi,127
Sport i rekreacija,Kamp oprema,Termosi,430
Sport i rekreacija,Kamp oprema,Kamperski rančevi,431
Sport i rekreacija,Kamp oprema,Rashladne torbe i mini frižideri,"433, 434"
Sport i rekreacija,Kamp oprema,Victorinox noževi,897
Sport i rekreacija,Kamp oprema,Ostala oprema za kampovanje,898
Sport i rekreacija,Lopte,Ostale lopte,90
Sport i rekreacija,Lopte,Košarkaške lopte,1251
Sport i rekreacija,Lopte,Fudbalske lopte,1267
Sport i rekreacija,Rekreacija,Oprema za stoni tenis i tenis,"400, 325"
Sport i rekreacija,Rekreacija,Trotineti i skejtovi,489
Sport i rekreacija,Rekreacija,Roleri i klizaljke,89
Sport i rekreacija,Rekreacija,Gumeni čamci,112
Sport i rekreacija,Rekreacija,Dodatna oprema,"322, 401"
Sport i rekreacija,Rekreacija,Biciklistička oprema,411
Sport i rekreacija,Rekreacija,Gume za bicikle i skutere,"670, 729"
Sport i rekreacija,Rekreacija,Oprema za plažu,737
Sport i rekreacija,Rekreacija,Dečiji bicikli,887
Sport i rekreacija,Rekreacija,Ženski i muški bicikli,888
Sport i rekreacija,Rekreacija,Ostalo,"1014, 1344"
Sport i rekreacija,Rekreacija,Balans skuter,1176
Sport i rekreacija,Teretana i fitnes ,Sobni bicikli,14
Sport i rekreacija,Teretana i fitnes ,Trake za trčanje,15
Sport i rekreacija,Teretana i fitnes ,Eliptični trenažeri,17
Sport i rekreacija,Teretana i fitnes ,Ostale sprave i oprema za vežbanje,"105, 106, 107, 109, 223, 324, 415, 417"
Sport i rekreacija,Teretana i fitnes ,"Sportski satovi, fitnes narukvice i pedometri",108
Sport i rekreacija,Teretana i fitnes ,Lopte za pilates i vežbanje,418
Sport i rekreacija,Sportska oprema,Sportski rekviziti,"307, 308, 310, 313, 314, 316, 317"
Sport i rekreacija,Sportska oprema,Ulošci za obuću,405
Sport i rekreacija,Sportska oprema,Čarape,"458, 1083, 1122"
Sport i rekreacija,Sportska oprema,Sportske torbe i rančevi,"973, 1241, 1242"
Sport i rekreacija,Sportska oprema,Šorcevi,"1118, 1119, 1268"
Sve za decu,Auto sedišta za decu i bebe,Auto sedišta za decu 0-13kg,"765, 165"
Sve za decu,Auto sedišta za decu i bebe,Auto sedišta za decu 0-18kg,766
Sve za decu,Auto sedišta za decu i bebe,Auto sedišta za decu 0-25kg,767
Sve za decu,Auto sedišta za decu i bebe,Auto sedišta za decu 9-18kg,768
Sve za decu,Auto sedišta za decu i bebe,Auto sedišta za decu 9-36kg,769
Sve za decu,Auto sedišta za decu i bebe,Auto sedišta za decu 15-36kg,770
Sve za decu,Dečija kolica,Kolica 2 u 1,761
Sve za decu,Dečija kolica,Kolica 3 u 1,762
Sve za decu,Dečija kolica,Kolica za blizance,763
Sve za decu,Dečija oprema,Kreveci za bebe i ogradice,"164, 677"
Sve za decu,Dečija oprema,Ostalo,"564, 764, 938, 1243, 678, 170"
Sve za decu,Dečija oprema,Hranilice,258
Sve za decu,Dečija oprema,Njihalice,259
Sve za decu,Dečija oprema,Dubak,260
Sve za decu,Dečija oprema,Dekoracija za rođendan i oprema,759
Sve za decu,Dečija oprema,Kreveti za decu i oprema,"979, 980"
Sve za decu,Kolica za bebe,Kolica za bebe 0+,160
Sve za decu,Kolica za bebe,Igračke za kolica,676
Sve za decu,Kolica za bebe,Kolica za bebe 6+,760
Sve za decu,Mame i bebe,"Kadice za bebe, oprema za kupanje, higijena","571, 572, 570, 224"
Sve za decu,Mame i bebe,Steznici i grudnjaci,575
Sve za decu,Mame i bebe,Noše i adapteri za WC šolje,569
Sve za decu,Mame i bebe,Cucle za bebe i flašice,168
Sve za decu,Mame i bebe,Sterilizatori za flašice i grejači,171
Sve za decu,Mame i bebe,Oprema za dojenje,"172, 574"
Sve za decu,Mame i bebe,"Glodalice, zvečke i laže","225, 675"
Sve za decu,Mame i bebe,Pribor za hranjenje beba,226
Sve za decu,Mame i bebe,Ostalo,"257, 908"
Sve za decu,Mame i bebe,Bebi alarmi,772
Sve za decu,Mame i bebe,Pelene za bebe,977
Sve za decu,Mame i bebe,Obuća za bebe,1210
Sve za kuću i baštu,Oprema za kuću,"Kuhinjski pribor, posuđe i oprema","6, 460, 432, 437, 438, 439, 440, 441, 442, 443, 444, 445, 446, 447, 448, 449, 450, 453, 554, 700, 701, 742, 557, 460, 213"
Sve za kuću i baštu,Oprema za kuću,Posteljine i jastuci,"771, 825, 832, 1330, 842"
Sve za kuću i baštu,Oprema za kuću,Presvlake za nameštaj,826
Sve za kuću i baštu,Oprema za kuću,Dušeci i naddušeci,"517, 1329"
Sve za kuću i baštu,Oprema za kuću,Koferi i putne torbe,556
Sve za kuću i baštu,Oprema za kuću,Rasterivači štetočina,"509, 61"
Sve za kuću i baštu,Oprema za kuću,Rasveta i sijalice,"506, 580, 910, 1043"
Sve za kuću i baštu,Oprema za kuću,Čišćenje i odlaganje,"790, 1257, 1258, 1260"
Sve za kuću i baštu,Oprema za kuću,Alarmni sistemi i sefovi,507
Sve za kuću i baštu,Oprema za kuću,Apsorberi vlage i dopunske tablete,1277
Sve za kuću i baštu,Oprema za kuću,Ovlaživači vazduha i jonizatori,"18, 57"
Sve za kuću i baštu,Oprema za kuću,Kreveti na naduvavanje i vazdušni dušeci,553
Sve za kuću i baštu,Oprema za kuću,Slike za zid,"511, 512, 513, 514, 515, 516, 104"
Sve za kuću i baštu,Oprema za kuću,Ostalo,"194 , 97, 98, 99, 504, 657, 754, 824, 827, 914, 1248, 1325, 44, 911, 780, 781, 810, 806, 794, 792, 796, 808, 793, 912, 839"
Sve za kuću i baštu,Oprema za kuću,Filteri za vodu,505
Sve za kuću i baštu,Oprema za kuću,Kante za smeće,520
Sve za kuću i baštu,Oprema za kuću,Daske za peglanje i sušilice za veš,615
Sve za kuću i baštu,Oprema za kuću,Peškiri,831
Sve za kuću i baštu,Oprema za kuću,Ventilatori,"899, 852"
Sve za kuću i baštu,Oprema za kuću,Boje i lakovi,"1275, 1347"
Sve za kuću i baštu,Oprema za kuću,Interfoni i zvona za vrata,508
Sve za kuću i baštu,Oprema za kuću,Satovi,"96, 631"
Sve za kuću i baštu,Bašta,Bazeni za decu i igračke za dvorište,"403, 404, 110, 435, 679"
Sve za kuću i baštu,Bašta,Oprema za bazene,111
Sve za kuću i baštu,Bašta,Spoljna rasveta,"348, 1015"
Sve za kuću i baštu,Bašta,Bazeni za dvorište,"425, 427"
Sve za školu,Dodatni udžbenici,,986
Sve za školu,Školski pribor,Pernice,455
Sve za školu,Školski pribor,"Olovke, bojice, flomasteri","457, 995, 996"
Sve za školu,Školski pribor,"Sveske, fascikle i dnevnici","994, 997"
Sve za školu,Torbe i rančevi,Rančevi,454
Sve za školu,Torbe i rančevi,Torbe za patike,456
Sve za školu,Udžbenici za osnovnu školu,Prvi razred,178
Sve za školu,Udžbenici za osnovnu školu,Drugi razred,179
Sve za školu,Udžbenici za osnovnu školu,Treći razred,180
Sve za školu,Udžbenici za osnovnu školu,Četvrti razred,181
Sve za školu,Udžbenici za osnovnu školu,Peti razred,182
Sve za školu,Udžbenici za osnovnu školu,Šesti razred,"183, 184"
Sve za školu,Udžbenici za osnovnu školu,Sedmi razred,185
Sve za školu,Udžbenici za osnovnu školu,Osmi razred,186
Sve za školu,Udžbenici za srednju školu,Prvi razred,988
Sve za školu,Udžbenici za srednju školu,Drugi razred,989
Sve za školu,Udžbenici za srednju školu,Treći razred,990
Sve za školu,Udžbenici za srednju školu,Četvrti razred,991
Tehnika,Audio i video tehnika,Fiksni i bežični telefoni,10
Tehnika,Audio i video tehnika,Televizori,33
Tehnika,Audio i video tehnika,Navigacija,55
Tehnika,Audio i video tehnika,"Kamere, foto aparati i oprema","103, 126, 155, 284, 285, 412"
Tehnika,Audio i video tehnika,Audio i video uređaji,"156, 157, 527"
Tehnika,Bela tehnika,Klima uređaji,"694, 1281"
Tehnika,Bela tehnika,Veš mašine,"695, 697, 698, 704, 706, 1276"
Tehnika,Desktop računari i oprema,,"9, 13, 34,36, 49, 50, 51, 52, 154, 222"
Tehnika,Konzole i igrice,,"150, 151, 153, 154"
Tehnika,"Mobilni telefoni, laptopovi, tableti",Memorijske kartice i USB flash,"35, 301"
Tehnika,"Mobilni telefoni, laptopovi, tableti",Laptopovi i oprema,"37, 298, 299, 300, 522"
Tehnika,"Mobilni telefoni, laptopovi, tableti",Mobilni telefoni i oprema,"53, 532, 723, 758, 976"
Tehnika,"Mobilni telefoni, laptopovi, tableti",Tableti i oprema,523
Tehnika,Ostala tehnika,,"39, 48, 54, 177"
